{"cameraMode":{"drawMode":0,"name":"Shaded","section":"Shading Mode"},"sceneLighting":true,"audioPlay":false,"sceneViewState":{"m_AlwaysRefresh":false,"showFog":true,"showSkybox":true,"showFlares":true,"showImageEffects":true,"showParticleSystems":true,"showVisualEffectGraphs":true,"m_FxEnabled":true},"in2DMode":false,"pivot":{"x":1141.331787109375,"y":126.40612030029297,"z":-49.841529846191409},"rotation":{"x":-0.03559111803770065,"y":-0.07388582825660706,"z":0.002749011619016528,"w":-0.9967421889305115},"size":55.21649169921875,"orthographic":false}