{"cameraMode":{"drawMode":0,"name":"Shaded","section":"Shading Mode"},"sceneLighting":true,"audioPlay":false,"sceneViewState":{"showFog":true,"showMaterialUpdate":false,"showSkybox":true,"showFlares":true,"showImageEffects":true,"showParticleSystems":true},"in2DMode":false,"pivot":{"x":1341.005859375,"y":40.8834114074707,"z":-4.170642375946045},"rotation":{"x":0.1319209784269333,"y":0.131920725107193,"z":-0.017717784270644189,"w":0.9822912812232971},"size":2.597076892852783,"orthographic":false}